project_id,report_month,source,era,split_a,split_b_temporal,feature_set,state_std,agency_std,sector_std,original_cost,planned_completion_original,planned_duration_months,status,cumulative_expenditure,cumulative_to_original_ratio,elapsed_planned_ratio,planned_remaining_months,project_age_months,current_forecast_cost,forecast_to_original_ratio,reported_delay_months,current_anticipated_completion,physical_progress_pct,exp_change_1m,exp_change_3m,exp_slope_3m,n_cost_revisions_to_date,n_schedule_revisions_to_date,forecast_change_1m,forecast_change_3m,forecast_slope_3m,delay_change_1m,delay_change_3m,delay_slope_3m,progress_change_1m,progress_change_3m,progress_slope_3m,progress_rate,progress_volatility_3m,progress_negative_change_count_to_date,expenditure_available,planned_completion_available,sector_available,agency_available,state_available,physical_progress_available,forecast_cost_available,delay_available,current_anticipated_completion_available,cost_event_6m,schedule_event_6m,compound_event_6m,cost_eligible_6m,schedule_eligible_6m,compound_eligible_6m,cost_censored_6m,schedule_censored_6m,compound_censored_6m,months_from_original_commissioning,score_cost_cuf_xgb,score_schedule_cuf_xgb,score_compound_cuf_xgb
N22000123,2023-01-01,OCMS,OCMS_2023_2025,test,train,ENHANCED,,,RAILWAYS,318.24,2012-03-01,-130.0,Ongoing,126.4,0.3971845148315737,,-130.0,0,1086.43,3.4138700351935647,144.0,2024-03-01,,,,,0,0,,,,,,,,,,,,0,1,1,1,0,0,0,1,1,1,0.0,0.0,0.0,1,1,1,not_censored,not_censored,not_censored,130.0,0.15493459,0.38890743,0.29781002
N22000123,2023-02-01,OCMS,OCMS_2023_2025,test,train,ENHANCED,,,RAILWAYS,318.24,2012-03-01,-130.0,Ongoing,126.4,0.3971845148315737,,-131.0,1,1086.43,3.4138700351935647,144.0,2024-03-01,,0.0,,,0,0,0.0,,,0.0,,,,,,,,0,1,1,1,0,0,0,1,1,1,0.0,0.0,0.0,1,1,1,not_censored,not_censored,not_censored,131.0,0.15863454,0.65256816,0.3086883
N22000123,2023-03-01,OCMS,OCMS_2023_2025,test,train,ENHANCED,,,RAILWAYS,318.24,2012-03-01,-130.0,Ongoing,126.4,0.3971845148315737,,-132.0,2,1086.43,3.4138700351935647,144.0,2024-03-01,,0.0,,,0,0,0.0,,,0.0,,,,,,,,0,1,1,1,0,0,0,1,1,1,0.0,0.0,0.0,1,1,1,not_censored,not_censored,not_censored,132.0,0.15863454,0.65256816,0.3086883
N22000123,2023-04-01,OCMS,OCMS_2023_2025,test,train,ENHANCED,,,RAILWAYS,318.24,2012-03-01,-130.0,Ongoing,126.4,0.3971845148315737,,-133.0,3,1086.43,3.4138700351935647,144.0,2024-03-01,,0.0,0.0,0.0,0,0,0.0,0.0,0.0,0.0,0.0,0.0,,,,,,0,1,1,1,0,0,0,1,1,1,0.0,0.0,0.0,1,1,1,not_censored,not_censored,not_censored,133.0,0.15863454,0.65256816,0.3086883
N22000123,2023-05-01,OCMS,OCMS_2023_2025,test,train,ENHANCED,,,RAILWAYS,318.24,2012-03-01,-130.0,Ongoing,176.76,0.5554298642533936,,-134.0,4,1095.12,3.441176470588235,144.0,2024-03-01,,50.359999999999985,50.359999999999985,25.179999999999993,1,0,8.689999999999827,8.689999999999827,4.344999999999914,0.0,0.0,0.0,,,,,,0,1,1,1,0,0,0,1,1,1,0.0,0.0,0.0,1,1,1,not_censored,not_censored,not_censored,134.0,0.17377484,0.45088872,0.3098727
N22000123,2023-06-01,OCMS,OCMS_2023_2025,test,train,ENHANCED,,,RAILWAYS,318.24,2012-03-01,-130.0,Ongoing,192.12,0.6036953242835595,,-135.0,5,1095.12,3.441176470588235,144.0,2024-03-01,,15.360000000000014,65.72,32.86,1,0,0.0,8.689999999999827,4.344999999999914,0.0,0.0,0.0,,,,,,0,1,1,1,0,0,0,1,1,1,0.0,0.0,0.0,1,1,1,not_censored,not_censored,not_censored,135.0,0.18961069,0.4419166,0.3221642
N22000123,2023-07-01,OCMS,OCMS_2023_2025,test,train,ENHANCED,,,RAILWAYS,318.24,2012-03-01,-130.0,Ongoing,201.24,0.6323529411764706,,-136.0,6,1095.12,3.441176470588235,144.0,2024-03-01,,9.120000000000005,74.84,12.240000000000007,1,0,0.0,8.689999999999827,0.0,0.0,0.0,0.0,,,,,,0,1,1,1,0,0,0,1,1,1,0.0,0.0,0.0,1,1,1,not_censored,not_censored,not_censored,136.0,0.18961069,0.45269966,0.33160502
N22000123,2023-08-01,OCMS,OCMS_2023_2025,test,train,ENHANCED,,,RAILWAYS,318.24,2012-03-01,-130.0,Ongoing,201.24,0.6323529411764706,,-137.0,7,1094.37,3.4388197586726994,144.0,2024-03-01,,0.0,24.480000000000015,4.560000000000002,2,0,-0.75,-0.75,-0.375,0.0,0.0,0.0,,,,,,0,1,1,1,0,0,0,1,1,1,0.0,0.0,0.0,1,1,1,not_censored,not_censored,not_censored,137.0,0.2090265,0.7180782,0.3506133
N22000123,2023-09-01,OCMS,OCMS_2023_2025,test,train,ENHANCED,,,RAILWAYS,318.24,2012-03-01,-130.0,Ongoing,282.72,0.8883861236802414,,-138.0,8,1531.55,4.8125628456510805,144.0,2024-03-01,,81.48000000000002,90.60000000000002,40.74000000000001,3,0,437.18000000000006,436.43000000000006,218.21500000000003,0.0,0.0,0.0,,,,,,0,1,1,1,0,0,0,1,1,1,0.0,0.0,0.0,1,1,1,not_censored,not_censored,not_censored,138.0,0.24227765,0.62855244,0.28262842
N22000123,2023-10-01,OCMS,OCMS_2023_2025,test,train,ENHANCED,,,RAILWAYS,318.24,2012-03-01,-130.0,Ongoing,326.17,1.024918300653595,,-139.0,9,1531.55,4.8125628456510805,144.0,2024-03-01,,43.44999999999999,124.93,62.465,3,0,0.0,436.43000000000006,218.59000000000003,0.0,0.0,0.0,,,,,,0,1,1,1,0,0,0,1,1,1,0.0,0.0,0.0,1,1,1,not_censored,not_censored,not_censored,139.0,0.37572953,0.6296462,0.6139392
N22000123,2023-11-01,OCMS,OCMS_2023_2025,test,train,ENHANCED,,,RAILWAYS,318.24,2012-03-01,-130.0,Ongoing,374.99,1.178324534942182,,-140.0,10,1531.55,4.8125628456510805,144.0,2024-03-01,,48.81999999999999,173.75,46.13499999999999,3,0,0.0,437.18000000000006,0.0,0.0,0.0,0.0,,,,,,0,1,1,1,0,0,0,1,1,1,0.0,0.0,0.0,1,1,1,not_censored,not_censored,not_censored,140.0,0.9247726,0.6245402,0.93928903
N22000123,2024-01-01,OCMS,OCMS_2023_2025,test,train,ENHANCED,,,RAILWAYS,318.24,2012-03-01,-130.0,Ongoing,497.54,1.5634112619406737,,-142.0,12,1531.55,4.8125628456510805,144.0,2024-03-01,,,,,3,0,,,,,,,,,,,,0,1,1,1,0,0,0,1,1,1,0.0,0.0,0.0,1,1,1,not_censored,not_censored,not_censored,142.0,0.93241906,0.6319302,0.941483
N22000123,2024-02-01,OCMS,OCMS_2023_2025,test,train,ENHANCED,,,RAILWAYS,318.24,2012-03-01,-130.0,Ongoing,547.52,1.7204625439919556,,-143.0,13,1531.55,4.8125628456510805,146.0,2024-05-01,,49.97999999999996,,,3,1,0.0,,,2.0,,,,,,,,0,1,1,1,0,0,0,1,1,1,0.0,0.0,0.0,1,1,1,not_censored,not_censored,not_censored,143.0,0.9424508,0.62256324,0.94231004
N22000123,2024-03-01,OCMS,OCMS_2023_2025,test,train,ENHANCED,,,RAILWAYS,318.24,2012-03-01,-130.0,Ongoing,547.52,1.7204625439919556,,-144.0,14,1531.55,4.8125628456510805,146.0,2024-05-01,,0.0,,,3,1,0.0,,,0.0,,,,,,,,0,1,1,1,0,0,0,1,1,1,0.0,0.0,0.0,1,1,1,not_censored,not_censored,not_censored,144.0,0.9448484,0.79333246,0.9479436
N22000123,2024-05-01,OCMS,OCMS_2023_2025,test,train,ENHANCED,,,RAILWAYS,318.24,2012-03-01,-130.0,Ongoing,748.79,2.352909753645048,,-146.0,16,1531.55,4.8125628456510805,174.0,2026-09-01,,,,,3,2,,,,,,,,,,,,0,1,1,1,0,0,0,1,1,1,1.0,1.0,1.0,1,1,1,not_censored,not_censored,not_censored,146.0,0.93974537,0.6649305,0.95084745
N22000123,2024-06-01,OCMS,OCMS_2023_2025,test,train,ENHANCED,,,RAILWAYS,318.24,2012-03-01,-130.0,Ongoing,772.23,2.426564856711916,,-147.0,17,1531.55,4.8125628456510805,174.0,2026-09-01,92.0,23.440000000000055,,,3,2,0.0,,,0.0,,,,,,,,0,1,1,1,0,0,1,1,1,1,1.0,1.0,1.0,1,1,1,not_censored,not_censored,not_censored,147.0,0.93783146,0.63353515,0.9464085
N22000123,2024-07-01,OCMS,OCMS_2023_2025,test,train,ENHANCED,,,RAILWAYS,318.24,2012-03-01,-130.0,Ongoing,920.62,2.8928481649069884,,-148.0,18,1531.55,4.8125628456510805,174.0,2026-09-01,80.0,148.39,,,3,2,0.0,,,0.0,,,-12.0,,,-12.0,,1,1,1,1,0,0,1,1,1,1,1.0,1.0,1.0,1,1,1,not_censored,not_censored,not_censored,148.0,0.93795687,0.64522094,0.9396365
N22000123,2024-08-01,OCMS,OCMS_2023_2025,test,train,ENHANCED,,,RAILWAYS,318.24,2012-03-01,-130.0,Ongoing,1103.5,3.467508798391151,,-149.0,19,1531.55,4.8125628456510805,174.0,2026-09-01,83.0,182.88,354.71000000000004,165.635,3,2,0.0,0.0,0.0,0.0,0.0,0.0,3.0,,-4.5,3.0,10.606601717798211,1,1,1,1,0,0,1,1,1,1,1.0,1.0,1.0,1,1,1,not_censored,not_censored,not_censored,149.0,0.93795687,0.6418209,0.9389468
N22000123,2024-09-01,OCMS,OCMS_2023_2025,test,validation,ENHANCED,,,RAILWAYS,318.24,2012-03-01,-130.0,Ongoing,1317.64,4.140397184514832,,-150.0,20,1531.55,4.8125628456510805,174.0,2026-09-01,86.0,214.1400000000001,545.4100000000001,198.51000000000005,3,2,0.0,0.0,0.0,0.0,0.0,0.0,3.0,-6.0,3.0,3.0,8.660254037844387,1,1,1,1,0,0,1,1,1,1,1.0,1.0,1.0,1,1,1,not_censored,not_censored,not_censored,150.0,0.93707067,0.6418209,0.9389468
N22000123,2024-10-01,OCMS,OCMS_2023_2025,test,validation,ENHANCED,,,RAILWAYS,318.24,2012-03-01,-130.0,Completed,1317.64,4.140397184514832,,-151.0,21,,,151.0,,,0.0,397.0200000000001,107.07000000000004,3,2,,,,-23.0,-23.0,-11.5,,,,,0.0,1,1,1,1,0,0,0,0,1,0,,,,0,0,0,not_in_tier_a_population,not_in_tier_a_population,not_in_tier_a_population,151.0,0.9360538,0.8374999,0.95586747
N22000180,2023-01-01,OCMS,OCMS_2023_2025,test,train,ENHANCED,,,RAILWAYS,372.14,,,Ongoing,1887.79,5.072795184607943,,,0,1700.0,4.568173268124899,,2024-03-01,,,,,0,0,,,,,,,,,,,,0,1,0,1,0,0,0,1,0,1,0.0,0.0,0.0,1,1,1,not_censored,not_censored,not_censored,,0.9485853,0.61419374,0.9090038
N22000180,2023-02-01,OCMS,OCMS_2023_2025,test,train,ENHANCED,,,RAILWAYS,372.14,,,Ongoing,1916.15,5.149003063363251,,,1,1700.0,4.568173268124899,,2024-03-01,,28.360000000000127,,,0,0,0.0,,,,,,,,,,,0,1,0,1,0,0,0,1,0,1,0.0,0.0,0.0,1,1,1,not_censored,not_censored,not_censored,,0.946681,0.568973,0.9047228
N22000180,2023-03-01,OCMS,OCMS_2023_2025,test,train,ENHANCED,,,RAILWAYS,372.14,,,Ongoing,1947.5,5.233245552748966,,,2,1700.0,4.568173268124899,,2024-03-01,,31.34999999999991,,,0,0,0.0,,,,,,,,,,,0,1,0,1,0,0,0,1,0,1,0.0,0.0,0.0,1,1,1,not_censored,not_censored,not_censored,,0.946681,0.568973,0.9047228
N22000180,2023-04-01,OCMS,OCMS_2023_2025,test,train,ENHANCED,,,RAILWAYS,372.14,,,Ongoing,1600.14,4.299833396033751,,,3,1700.0,4.568173268124899,,2024-03-01,,-347.3599999999999,-287.64999999999986,-158.005,0,0,0.0,0.0,0.0,,,,,,,,,0,1,0,1,0,0,0,1,0,1,0.0,0.0,0.0,1,1,1,not_censored,not_censored,not_censored,,0.94857174,0.6671307,0.9039894
N22000180,2023-05-01,OCMS,OCMS_2023_2025,test,train,ENHANCED,,,RAILWAYS,372.14,,,Ongoing,2001.98,5.379642070188639,,,4,1700.0,4.568173268124899,,2024-03-01,,401.8399999999999,85.82999999999993,27.24000000000001,0,0,0.0,0.0,0.0,,,,,,,,,0,1,0,1,0,0,0,1,0,1,0.0,0.0,0.0,1,1,1,not_censored,not_censored,not_censored,,0.94924927,0.5758819,0.90851873
N22000180,2023-06-01,OCMS,OCMS_2023_2025,test,train,ENHANCED,,,RAILWAYS,372.14,,,Ongoing,2005.93,5.390256355135165,,,5,1700.0,4.568173268124899,,2024-03-01,,3.9500000000000455,58.430000000000064,202.895,0,0,0.0,0.0,0.0,,,,,,,,,0,1,0,1,0,0,0,1,0,1,0.0,0.0,0.0,1,1,1,not_censored,not_censored,not_censored,,0.95018905,0.59702194,0.9069933
N22000180,2023-07-01,OCMS,OCMS_2023_2025,test,train,ENHANCED,,,RAILWAYS,372.14,,,Ongoing,2044.95,5.49510936744236,,,6,1700.0,4.568173268124899,,2024-03-01,,39.01999999999998,444.80999999999995,21.485000000000017,0,0,0.0,0.0,0.0,,,,,,,,,0,1,0,1,0,0,0,1,0,1,0.0,0.0,0.0,1,1,1,not_censored,not_censored,not_censored,,0.9475335,0.5758819,0.90651804
N22000180,2023-08-01,OCMS,OCMS_2023_2025,test,train,ENHANCED,,,RAILWAYS,372.14,,,Ongoing,2079.69,5.588461331756866,,,7,1700.0,4.568173268124899,,2024-03-01,,34.74000000000001,77.71000000000004,36.879999999999995,0,0,0.0,0.0,0.0,,,,,,,,,0,1,0,1,0,0,0,1,0,1,0.0,0.0,0.0,1,1,1,not_censored,not_censored,not_censored,,0.9475335,0.5758819,0.90651804
N22000180,2023-09-01,OCMS,OCMS_2023_2025,test,train,ENHANCED,,,RAILWAYS,372.14,,,Ongoing,2120.83,5.699011124845488,,,8,1700.0,4.568173268124899,,2024-03-01,,41.13999999999987,114.89999999999986,37.93999999999994,0,0,0.0,0.0,0.0,,,,,,,,,0,1,0,1,0,0,0,1,0,1,0.0,0.0,0.0,1,1,1,not_censored,not_censored,not_censored,,0.9484397,0.5758819,0.90851873
N22000180,2023-10-01,OCMS,OCMS_2023_2025,test,train,ENHANCED,,,RAILWAYS,372.14,,,Ongoing,2157.2,5.796743161175901,,,9,1700.0,4.568173268124899,,2024-03-01,,36.36999999999989,112.24999999999976,38.75499999999988,0,0,0.0,0.0,0.0,,,,,,,,,0,1,0,1,0,0,0,1,0,1,0.0,0.0,0.0,1,1,1,not_censored,not_censored,not_censored,,0.9475335,0.5758819,0.90651804
N22000180,2023-11-01,OCMS,OCMS_2023_2025,test,train,ENHANCED,,,RAILWAYS,372.14,,,Ongoing,2182.96,5.865964421991724,,,10,1700.0,4.568173268124899,,2024-03-01,,25.76000000000022,103.26999999999998,31.065000000000055,0,0,0.0,0.0,0.0,,,,,,,,,0,1,0,1,0,0,0,1,0,1,0.0,0.0,0.0,1,1,1,not_censored,not_censored,not_censored,,0.9582884,0.568973,0.9318014
N22000180,2024-01-01,OCMS,OCMS_2023_2025,test,train,ENHANCED,,,RAILWAYS,372.14,,,Ongoing,2236.4,6.009566292255603,,,12,1700.0,4.568173268124899,,2024-03-01,,,,,0,0,,,,,,,,,,,,0,1,0,1,0,0,0,1,0,1,0.0,0.0,0.0,1,1,1,not_censored,not_censored,not_censored,,0.96391153,0.61419374,0.93955433
N22000180,2024-02-01,OCMS,OCMS_2023_2025,test,train,ENHANCED,,,RAILWAYS,372.14,,,Ongoing,2286.97,6.145456011178588,,,13,1700.0,4.568173268124899,,2024-03-01,,50.56999999999971,,,0,0,0.0,,,,,,,,,,,0,1,0,1,0,0,0,1,0,1,0.0,0.0,0.0,1,1,1,not_censored,not_censored,not_censored,,0.967229,0.5758819,0.9451925
N22000180,2024-03-01,OCMS,OCMS_2023_2025,test,train,ENHANCED,,,RAILWAYS,372.14,,,Ongoing,2321.48,6.238189928521525,,,14,2350.0,6.314827752996185,,2024-06-01,,34.51000000000022,,,1,1,650.0,,,,,,,,,,,0,1,0,1,0,0,0,1,0,1,0.0,0.0,0.0,1,1,1,not_censored,not_censored,not_censored,,0.9663277,0.6055784,0.9485728
N22000180,2024-05-01,OCMS,OCMS_2023_2025,test,train,ENHANCED,,,RAILWAYS,372.14,,,Ongoing,2383.17,6.403960874939539,,,16,2350.0,6.314827752996185,,2024-06-01,,,,,1,1,,,,,,,,,,,,0,1,0,1,0,0,0,1,0,1,1.0,,,1,0,0,not_censored,censored_insufficient_future_window_or_incomplete_tier_a_outcome,censored_insufficient_future_window_or_incomplete_tier_a_outcome,,0.96718216,0.64119667,0.9486403
N22000180,2024-06-01,OCMS,OCMS_2023_2025,test,train,ENHANCED,,,RAILWAYS,372.14,,,Ongoing,2458.23,6.605659160530983,,,17,2350.0,6.314827752996185,,2024-06-01,97.0,75.05999999999995,,,1,1,0.0,,,,,,,,,,,0,1,0,1,0,0,1,1,0,1,1.0,,,1,0,0,not_censored,censored_insufficient_future_window_or_incomplete_tier_a_outcome,censored_insufficient_future_window_or_incomplete_tier_a_outcome,,0.96745,0.6055784,0.94972336
N22000180,2024-07-01,OCMS,OCMS_2023_2025,test,train,ENHANCED,,,RAILWAYS,372.14,,,Ongoing,2480.05,6.66429300800774,,,18,2350.0,6.314827752996185,,2024-06-01,97.0,21.820000000000164,,,1,1,0.0,,,,,,0.0,,,0.0,,0,1,0,1,0,0,1,1,0,1,1.0,,,1,0,0,not_censored,censored_insufficient_future_window_or_incomplete_tier_a_outcome,censored_insufficient_future_window_or_incomplete_tier_a_outcome,,0.9657696,0.5965264,0.94727534
N22000180,2024-08-01,OCMS,OCMS_2023_2025,test,train,ENHANCED,,,RAILWAYS,372.14,,,Ongoing,2502.46,6.72451228032461,,,19,2350.0,6.314827752996185,,2024-06-01,97.0,22.409999999999854,119.28999999999996,22.11500000000001,1,1,0.0,0.0,0.0,,,,0.0,,0.0,0.0,0.0,0,1,0,1,0,0,1,1,0,1,1.0,,,1,0,0,not_censored,censored_insufficient_future_window_or_incomplete_tier_a_outcome,censored_insufficient_future_window_or_incomplete_tier_a_outcome,,0.9657696,0.5965264,0.94727534
N22000180,2024-09-01,OCMS,OCMS_2023_2025,test,validation,ENHANCED,,,RAILWAYS,372.14,,,Ongoing,2510.86,6.747084430590639,,,20,2350.0,6.314827752996185,,2024-06-01,97.0,8.400000000000091,52.63000000000011,15.404999999999973,1,1,0.0,0.0,0.0,,,,0.0,0.0,0.0,0.0,0.0,0,1,0,1,0,0,1,1,0,1,1.0,,,1,0,0,not_censored,censored_insufficient_future_window_or_incomplete_tier_a_outcome,censored_insufficient_future_window_or_incomplete_tier_a_outcome,,0.96628386,0.61870545,0.94648963
N24001026,2023-01-01,OCMS,OCMS_2023_2025,test,train,ENHANCED,,,ROAD TRANSPORT AND HIGHWAYS,376.19,2019-05-01,-44.0,Ongoing,113.66,0.3021345596639995,,-44.0,0,376.19,1.0,40.0,2022-09-01,,,,,0,0,,,,,,,,,,,,0,1,1,1,0,0,0,1,1,1,0.0,0.0,0.0,1,1,1,not_censored,not_censored,not_censored,44.0,0.0076074423,0.39507332,0.0090336995
N24001026,2023-02-01,OCMS,OCMS_2023_2025,test,train,ENHANCED,,,ROAD TRANSPORT AND HIGHWAYS,376.19,2019-05-01,-44.0,Ongoing,113.66,0.3021345596639995,,-45.0,1,376.19,1.0,40.0,2022-09-01,,0.0,,,0,0,0.0,,,0.0,,,,,,,,0,1,1,1,0,0,0,1,1,1,0.0,0.0,0.0,1,1,1,not_censored,not_censored,not_censored,45.0,0.007451105,0.73357576,0.009518673
N24001026,2023-03-01,OCMS,OCMS_2023_2025,test,train,ENHANCED,,,ROAD TRANSPORT AND HIGHWAYS,376.19,2019-05-01,-44.0,Ongoing,113.66,0.3021345596639995,,-46.0,2,376.19,1.0,40.0,2022-09-01,,0.0,,,0,0,0.0,,,0.0,,,,,,,,0,1,1,1,0,0,0,1,1,1,0.0,0.0,0.0,1,1,1,not_censored,not_censored,not_censored,46.0,0.007451105,0.7350475,0.009518673
N24001026,2023-04-01,OCMS,OCMS_2023_2025,test,train,ENHANCED,,,ROAD TRANSPORT AND HIGHWAYS,376.19,2019-05-01,-44.0,Ongoing,113.66,0.3021345596639995,,-47.0,3,376.19,1.0,40.0,2022-09-01,,0.0,0.0,0.0,0,0,0.0,0.0,0.0,0.0,0.0,0.0,,,,,,0,1,1,1,0,0,0,1,1,1,0.0,0.0,0.0,1,1,1,not_censored,not_censored,not_censored,47.0,0.007451105,0.7350475,0.009518673
N24001026,2023-05-01,OCMS,OCMS_2023_2025,test,train,ENHANCED,,,ROAD TRANSPORT AND HIGHWAYS,376.19,2019-05-01,-44.0,Ongoing,113.66,0.3021345596639995,,-48.0,4,376.19,1.0,40.0,2022-09-01,,0.0,0.0,0.0,0,0,0.0,0.0,0.0,0.0,0.0,0.0,,,,,,0,1,1,1,0,0,0,1,1,1,0.0,0.0,0.0,1,1,1,not_censored,not_censored,not_censored,48.0,0.007451105,0.7350475,0.009518673
N24001026,2023-06-01,OCMS,OCMS_2023_2025,test,train,ENHANCED,,,ROAD TRANSPORT AND HIGHWAYS,376.19,2019-05-01,-44.0,Ongoing,113.66,0.3021345596639995,,-49.0,5,376.19,1.0,40.0,2022-09-01,,0.0,0.0,0.0,0,0,0.0,0.0,0.0,0.0,0.0,0.0,,,,,,0,1,1,1,0,0,0,1,1,1,0.0,0.0,0.0,1,1,1,not_censored,not_censored,not_censored,49.0,0.007451105,0.7350475,0.009518673
N24001026,2023-07-01,OCMS,OCMS_2023_2025,test,train,ENHANCED,,,ROAD TRANSPORT AND HIGHWAYS,376.19,2019-05-01,-44.0,Ongoing,113.66,0.3021345596639995,,-50.0,6,376.19,1.0,53.0,2023-10-01,,0.0,0.0,0.0,0,1,0.0,0.0,0.0,13.0,13.0,6.5,,,,,,0,1,1,1,0,0,0,1,1,1,0.0,0.0,0.0,1,1,1,not_censored,not_censored,not_censored,50.0,0.006225672,0.6883001,0.0076647755
N24001026,2023-08-01,OCMS,OCMS_2023_2025,test,train,ENHANCED,,,ROAD TRANSPORT AND HIGHWAYS,376.19,2019-05-01,-44.0,Ongoing,118.74,0.3156383742257901,,-51.0,7,376.19,1.0,53.0,2023-10-01,,5.079999999999998,5.079999999999998,2.539999999999999,0,1,0.0,0.0,0.0,0.0,13.0,6.5,,,,,,0,1,1,1,0,0,0,1,1,1,0.0,0.0,0.0,1,1,1,not_censored,not_censored,not_censored,51.0,0.005794846,0.3962274,0.0067692506
N24001026,2023-09-01,OCMS,OCMS_2023_2025,test,train,ENHANCED,,,ROAD TRANSPORT AND HIGHWAYS,376.19,2019-05-01,-44.0,Ongoing,118.74,0.3156383742257901,,-52.0,8,376.19,1.0,53.0,2023-10-01,,0.0,5.079999999999998,2.539999999999999,0,1,0.0,0.0,0.0,0.0,13.0,0.0,,,,,,0,1,1,1,0,0,0,1,1,1,0.0,0.0,0.0,1,1,1,not_censored,not_censored,not_censored,52.0,0.006225672,0.6883001,0.0076647755
N24001026,2023-10-01,OCMS,OCMS_2023_2025,test,train,ENHANCED,,,ROAD TRANSPORT AND HIGHWAYS,376.19,2019-05-01,-44.0,Ongoing,118.74,0.3156383742257901,,-53.0,9,376.19,1.0,53.0,2023-10-01,,0.0,5.079999999999998,0.0,0,1,0.0,0.0,0.0,0.0,0.0,0.0,,,,,,0,1,1,1,0,0,0,1,1,1,0.0,0.0,0.0,1,1,1,not_censored,not_censored,not_censored,53.0,0.006225672,0.6883001,0.0076647755
N24001026,2023-11-01,OCMS,OCMS_2023_2025,test,train,ENHANCED,,,ROAD TRANSPORT AND HIGHWAYS,376.19,2019-05-01,-44.0,Ongoing,118.74,0.3156383742257901,,-54.0,10,376.19,1.0,53.0,2023-10-01,,0.0,0.0,0.0,0,1,0.0,0.0,0.0,0.0,0.0,0.0,,,,,,0,1,1,1,0,0,0,1,1,1,0.0,0.0,0.0,1,1,1,not_censored,not_censored,not_censored,54.0,0.0066483645,0.6907662,0.008054284
N24001026,2024-01-01,OCMS,OCMS_2023_2025,test,train,ENHANCED,,,ROAD TRANSPORT AND HIGHWAYS,376.19,2019-05-01,-44.0,Ongoing,118.74,0.3156383742257901,,-56.0,12,376.19,1.0,53.0,2023-10-01,,,,,0,1,,,,,,,,,,,,0,1,1,1,0,0,0,1,1,1,0.0,0.0,0.0,1,1,1,not_censored,not_censored,not_censored,56.0,0.007666096,0.41767937,0.008927368
N24001026,2024-02-01,OCMS,OCMS_2023_2025,test,train,ENHANCED,,,ROAD TRANSPORT AND HIGHWAYS,376.19,2019-05-01,-44.0,Ongoing,118.74,0.3156383742257901,,-57.0,13,376.19,1.0,53.0,2023-10-01,,0.0,,,0,1,0.0,,,0.0,,,,,,,,0,1,1,1,0,0,0,1,1,1,0.0,0.0,0.0,1,1,1,not_censored,not_censored,not_censored,57.0,0.0077992994,0.6888921,0.009670089
N24001026,2024-03-01,OCMS,OCMS_2023_2025,test,train,ENHANCED,,,ROAD TRANSPORT AND HIGHWAYS,376.19,2019-05-01,-44.0,Ongoing,118.74,0.3156383742257901,,-58.0,14,376.19,1.0,53.0,2023-10-01,,0.0,,,0,1,0.0,,,0.0,,,,,,,,0,1,1,1,0,0,0,1,1,1,0.0,0.0,0.0,1,1,1,not_censored,not_censored,not_censored,58.0,0.008106151,0.6888921,0.010393154
N24001026,2024-05-01,OCMS,OCMS_2023_2025,test,train,ENHANCED,,,ROAD TRANSPORT AND HIGHWAYS,376.19,2019-05-01,-44.0,Ongoing,118.74,0.3156383742257901,,-60.0,16,376.19,1.0,53.0,2023-10-01,,,,,0,1,,,,,,,,,,,,0,1,1,1,0,0,0,1,1,1,0.0,1.0,0.0,1,1,1,not_censored,not_censored,not_censored,60.0,0.008489673,0.41767937,0.010268767
N24001026,2024-06-01,OCMS,OCMS_2023_2025,test,train,ENHANCED,,,ROAD TRANSPORT AND HIGHWAYS,376.19,2019-05-01,-44.0,Ongoing,118.74,0.3156383742257901,,-61.0,17,376.19,1.0,53.0,2023-10-01,99.15,0.0,,,0,1,0.0,,,0.0,,,,,,,,0,1,1,1,0,0,1,1,1,1,0.0,1.0,0.0,1,1,1,not_censored,not_censored,not_censored,61.0,0.0084685385,0.6888921,0.011121824
N24001026,2024-07-01,OCMS,OCMS_2023_2025,test,train,ENHANCED,,,ROAD TRANSPORT AND HIGHWAYS,376.19,2019-05-01,-44.0,Ongoing,118.74,0.3156383742257901,,-62.0,18,376.19,1.0,53.0,2023-10-01,99.15,0.0,,,0,1,0.0,,,0.0,,,0.0,,,0.0,,0,1,1,1,0,0,1,1,1,1,0.0,1.0,0.0,1,1,1,not_censored,not_censored,not_censored,62.0,0.009009758,0.6888921,0.011424348
N24001026,2024-08-01,OCMS,OCMS_2023_2025,test,train,ENHANCED,,,ROAD TRANSPORT AND HIGHWAYS,376.19,2019-05-01,-44.0,Ongoing,118.74,0.3156383742257901,,-63.0,19,376.19,1.0,53.0,2023-10-01,99.0,0.0,0.0,0.0,0,1,0.0,0.0,0.0,0.0,0.0,0.0,-0.1500000000000056,,-0.0750000000000028,-0.1500000000000056,0.1060660171779861,1,1,1,1,0,0,1,1,1,1,0.0,1.0,0.0,1,1,1,not_censored,not_censored,not_censored,63.0,0.009983466,0.6888921,0.013579959
N24001026,2024-09-01,OCMS,OCMS_2023_2025,test,validation,ENHANCED,,,ROAD TRANSPORT AND HIGHWAYS,376.19,2019-05-01,-44.0,Ongoing,118.74,0.3156383742257901,,-64.0,20,376.19,1.0,53.0,2023-10-01,99.15,0.0,0.0,0.0,0,1,0.0,0.0,0.0,0.0,0.0,0.0,0.1500000000000056,0.0,0.0,0.1500000000000056,0.1500000000000056,1,1,1,1,0,0,1,1,1,1,0.0,1.0,0.0,1,1,1,not_censored,not_censored,not_censored,64.0,0.009983466,0.6888921,0.014902766
N24001026,2024-10-01,OCMS,OCMS_2023_2025,test,validation,ENHANCED,,,ROAD TRANSPORT AND HIGHWAYS,376.19,2019-05-01,-44.0,Completed,118.74,0.3156383742257901,,-65.0,21,,,65.0,,,0.0,0.0,0.0,0,1,,,,12.0,12.0,6.0,,,,,0.2121320343559723,1,1,1,1,0,0,0,0,1,0,,,,0,0,0,not_in_tier_a_population,not_in_tier_a_population,not_in_tier_a_population,65.0,0.012365381,0.7055955,0.027579477
N30000046,2023-01-01,OCMS,OCMS_2023_2025,test,train,ENHANCED,,,WATER RESOURCES,274.76,2019-12-01,-37.0,Ongoing,249.88,0.9094482457417382,,-37.0,0,274.76,1.0,30.0,2022-06-01,,,,,0,0,,,,,,,,,,,,0,1,1,1,0,0,0,1,1,1,0.0,0.0,0.0,1,1,1,not_censored,not_censored,not_censored,37.0,0.02654874,0.7637606,0.012019592
N30000046,2023-02-01,OCMS,OCMS_2023_2025,test,train,ENHANCED,,,WATER RESOURCES,274.76,2019-12-01,-37.0,Ongoing,249.88,0.9094482457417382,,-38.0,1,274.76,1.0,30.0,2022-06-01,,0.0,,,0,0,0.0,,,0.0,,,,,,,,0,1,1,1,0,0,0,1,1,1,0.0,0.0,0.0,1,1,1,not_censored,not_censored,not_censored,38.0,0.024875104,0.8628197,0.012519133
N30000046,2023-03-01,OCMS,OCMS_2023_2025,test,train,ENHANCED,,,WATER RESOURCES,274.76,2019-12-01,-37.0,Ongoing,260.69,0.9487916727325666,,-39.0,2,274.76,1.0,30.0,2022-06-01,,10.810000000000002,,,0,0,0.0,,,0.0,,,,,,,,0,1,1,1,0,0,0,1,1,1,0.0,0.0,0.0,1,1,1,not_censored,not_censored,not_censored,39.0,0.02501126,0.7564087,0.026262915
N30000046,2023-04-01,OCMS,OCMS_2023_2025,test,train,ENHANCED,,,WATER RESOURCES,274.76,2019-12-01,-37.0,Ongoing,260.69,0.9487916727325666,,-40.0,3,274.76,1.0,30.0,2022-06-01,,0.0,10.810000000000002,5.405000000000001,0,0,0.0,0.0,0.0,0.0,0.0,0.0,,,,,,0,1,1,1,0,0,0,1,1,1,0.0,0.0,0.0,1,1,1,not_censored,not_censored,not_censored,40.0,0.026278846,0.88206124,0.027492737
N30000046,2023-05-01,OCMS,OCMS_2023_2025,test,train,ENHANCED,,,WATER RESOURCES,274.76,2019-12-01,-37.0,Ongoing,263.86,0.9603290144125785,,-41.0,4,274.76,1.0,37.0,2022-06-01,,3.170000000000016,13.980000000000018,1.585000000000008,0,0,0.0,0.0,0.0,7.0,7.0,3.5,,,,,,0,1,1,1,0,0,0,1,1,1,0.0,0.0,0.0,1,1,1,not_censored,not_censored,not_censored,41.0,0.02607933,0.7284524,0.02637244
N30000046,2023-06-01,OCMS,OCMS_2023_2025,test,train,ENHANCED,,,WATER RESOURCES,274.76,2019-12-01,-37.0,Ongoing,265.97,0.9680084437327124,,-42.0,5,274.76,1.0,37.0,2022-06-01,,2.1100000000000136,5.28000000000003,2.640000000000015,0,0,0.0,0.0,0.0,0.0,7.0,3.5,,,,,,0,1,1,1,0,0,0,1,1,1,0.0,0.0,0.0,1,1,1,not_censored,not_censored,not_censored,42.0,0.026410274,0.73611456,0.025890432
N30000046,2023-07-01,OCMS,OCMS_2023_2025,test,train,ENHANCED,,,WATER RESOURCES,274.76,2019-12-01,-37.0,Ongoing,267.15,0.9723031008880476,,-43.0,6,274.76,1.0,37.0,2022-06-01,,1.17999999999995,6.4599999999999795,1.6449999999999818,0,0,0.0,0.0,0.0,0.0,7.0,0.0,,,,,,0,1,1,1,0,0,0,1,1,1,0.0,0.0,0.0,1,1,1,not_censored,not_censored,not_censored,43.0,0.02597991,0.73611456,0.025890432
N30000046,2023-08-01,OCMS,OCMS_2023_2025,test,train,ENHANCED,,,WATER RESOURCES,274.76,2019-12-01,-37.0,Ongoing,267.16,0.9723394962876694,,-44.0,7,274.76,1.0,37.0,2022-06-01,,0.0100000000000477,3.3000000000000114,0.5949999999999989,0,0,0.0,0.0,0.0,0.0,0.0,0.0,,,,,,0,1,1,1,0,0,0,1,1,1,0.0,0.0,0.0,1,1,1,not_censored,not_censored,not_censored,44.0,0.026278846,0.84985644,0.026370296
N30000046,2023-09-01,OCMS,OCMS_2023_2025,test,train,ENHANCED,,,WATER RESOURCES,274.76,2019-12-01,-37.0,Ongoing,268.78,0.9782355510263502,,-45.0,8,274.76,1.0,37.0,2022-06-01,,1.6199999999999477,2.8099999999999454,0.8149999999999977,0,0,0.0,0.0,0.0,0.0,0.0,0.0,,,,,,0,1,1,1,0,0,0,1,1,1,0.0,0.0,0.0,1,1,1,not_censored,not_censored,not_censored,45.0,0.027278734,0.785151,0.025890432
N30000046,2023-10-01,OCMS,OCMS_2023_2025,test,train,ENHANCED,,,WATER RESOURCES,274.76,2019-12-01,-37.0,Ongoing,269.63,0.9813291599941768,,-46.0,9,274.76,1.0,37.0,2022-06-01,,0.8500000000000227,2.480000000000018,1.2349999999999852,0,0,0.0,0.0,0.0,0.0,0.0,0.0,,,,,,0,1,1,1,0,0,0,1,1,1,0.0,0.0,0.0,1,1,1,not_censored,not_censored,not_censored,46.0,0.026651628,0.7864208,0.025890432
N30000046,2023-11-01,OCMS,OCMS_2023_2025,test,train,ENHANCED,,,WATER RESOURCES,274.76,2019-12-01,-37.0,Ongoing,271.26,0.9872616101324792,,-47.0,10,274.76,1.0,37.0,2022-06-01,,1.6299999999999957,4.099999999999966,1.240000000000009,0,0,0.0,0.0,0.0,0.0,0.0,0.0,,,,,,0,1,1,1,0,0,0,1,1,1,0.0,0.0,0.0,1,1,1,not_censored,not_censored,not_censored,47.0,0.039454445,0.7864208,0.04171242
N30000046,2024-01-01,OCMS,OCMS_2023_2025,test,train,ENHANCED,,,WATER RESOURCES,274.76,2019-12-01,-37.0,Ongoing,271.26,0.9872616101324792,,-49.0,12,274.76,1.0,37.0,2022-06-01,,,,,0,0,,,,,,,,,,,,0,1,1,1,0,0,0,1,1,1,0.0,0.0,0.0,1,1,1,not_censored,not_censored,not_censored,49.0,0.040376633,0.7879401,0.0444577
N30000046,2024-02-01,OCMS,OCMS_2023_2025,test,train,ENHANCED,,,WATER RESOURCES,274.76,2019-12-01,-37.0,Ongoing,273.17,0.9942131314601836,,-50.0,13,274.76,1.0,0.0,2019-12-01,,1.910000000000025,,,0,1,0.0,,,-37.0,,,,,,,,0,1,1,1,0,0,0,1,1,1,0.0,0.0,0.0,1,1,1,not_censored,not_censored,not_censored,50.0,0.030597238,0.7142014,0.030706769
N30000046,2024-03-01,OCMS,OCMS_2023_2025,test,train,ENHANCED,,,WATER RESOURCES,274.76,2019-12-01,-37.0,Ongoing,273.17,0.9942131314601836,,-51.0,14,274.76,1.0,0.0,2019-12-01,,0.0,,,0,1,0.0,,,0.0,,,,,,,,0,1,1,1,0,0,0,1,1,1,0.0,0.0,0.0,1,1,1,not_censored,not_censored,not_censored,51.0,0.030445622,0.8192804,0.032169115
N30000046,2024-05-01,OCMS,OCMS_2023_2025,test,train,ENHANCED,,,WATER RESOURCES,274.76,2019-12-01,-37.0,Ongoing,260.69,0.9487916727325666,,-53.0,16,274.76,1.0,0.0,2019-12-01,,,,,0,1,,,,,,,,,,,,0,1,1,1,0,0,0,1,1,1,0.0,0.0,0.0,1,1,1,not_censored,not_censored,not_censored,53.0,0.022454415,0.7192956,0.018710641
N30000046,2024-06-01,OCMS,OCMS_2023_2025,test,train,ENHANCED,,,WATER RESOURCES,274.76,2019-12-01,-37.0,Ongoing,260.69,0.9487916727325666,,-54.0,17,274.76,1.0,0.0,2019-12-01,100.0,0.0,,,0,1,0.0,,,0.0,,,,,,,,0,1,1,1,0,0,1,1,1,1,0.0,0.0,0.0,1,1,1,not_censored,not_censored,not_censored,54.0,0.022438683,0.8192804,0.019295711
N30000046,2024-07-01,OCMS,OCMS_2023_2025,test,train,ENHANCED,,,WATER RESOURCES,274.76,2019-12-01,-37.0,Ongoing,276.01,1.004549424952686,,-55.0,18,274.76,1.0,30.0,2022-06-01,100.0,15.319999999999991,,,0,2,0.0,,,30.0,,,0.0,,,0.0,,0,1,1,1,0,0,1,1,1,1,0.0,0.0,0.0,1,1,1,not_censored,not_censored,not_censored,55.0,0.05533207,0.8256209,0.09182462
N30000046,2024-08-01,OCMS,OCMS_2023_2025,test,train,ENHANCED,,,WATER RESOURCES,274.76,2019-12-01,-37.0,Ongoing,276.8,1.0074246615227835,,-56.0,19,332.56,1.2103654098122,30.0,2022-06-01,100.0,0.7900000000000205,16.110000000000014,8.055000000000007,1,2,57.80000000000001,57.80000000000001,28.90000000000001,0.0,30.0,15.0,0.0,,0.0,0.0,0.0,0,1,1,1,0,0,1,1,1,1,0.0,1.0,0.0,1,1,1,not_censored,not_censored,not_censored,56.0,0.16289814,0.8668565,0.2757776
N30000046,2024-09-01,OCMS,OCMS_2023_2025,test,validation,ENHANCED,,,WATER RESOURCES,274.76,2019-12-01,-37.0,Ongoing,276.93,1.007897801717863,,-57.0,20,332.56,1.2103654098122,30.0,2022-06-01,100.0,0.1299999999999954,16.24000000000001,0.4600000000000079,1,2,0.0,57.80000000000001,28.90000000000001,0.0,30.0,0.0,0.0,0.0,0.0,0.0,0.0,0,1,1,1,0,0,1,1,1,1,0.0,1.0,0.0,1,1,1,not_censored,not_censored,not_censored,57.0,0.16719392,0.91054016,0.27545044
N30000046,2024-10-01,OCMS,OCMS_2023_2025,test,validation,ENHANCED,,,WATER RESOURCES,274.76,2019-12-01,-37.0,Ongoing,276.93,1.007897801717863,,-58.0,21,332.56,1.2103654098122,30.0,2022-06-01,100.0,0.0,0.920000000000016,0.0649999999999977,1,2,0.0,57.80000000000001,0.0,0.0,0.0,0.0,0.0,0.0,0.0,0.0,0.0,0,1,1,1,0,0,1,1,1,1,0.0,1.0,0.0,1,1,1,not_censored,not_censored,not_censored,58.0,0.17268044,0.92062724,0.28632504
N30000046,2024-11-01,OCMS,OCMS_2023_2025,test,validation,ENHANCED,,,WATER RESOURCES,274.76,2019-12-01,-37.0,Ongoing,276.93,1.007897801717863,,-59.0,22,332.56,1.2103654098122,30.0,2022-06-01,100.0,0.0,0.1299999999999954,0.0,1,2,0.0,0.0,0.0,0.0,0.0,0.0,0.0,0.0,0.0,0.0,0.0,0,1,1,1,0,0,1,1,1,1,0.0,1.0,0.0,1,1,1,not_censored,not_censored,not_censored,59.0,0.1759068,0.92062724,0.29766083
N30000046,2024-12-01,OCMS,OCMS_2023_2025,test,test,ENHANCED,,,WATER RESOURCES,274.76,2019-12-01,-37.0,Ongoing,278.02,1.011864900276605,,-60.0,23,332.56,1.2103654098122,30.0,2022-06-01,100.0,1.089999999999975,1.089999999999975,0.5449999999999875,1,2,0.0,0.0,0.0,0.0,0.0,0.0,0.0,0.0,0.0,0.0,0.0,0,1,1,1,0,0,1,1,1,1,0.0,1.0,0.0,1,1,1,not_censored,not_censored,not_censored,60.0,0.17741662,0.8668565,0.30070463
N30000046,2025-01-01,OCMS,OCMS_2023_2025,test,test,ENHANCED,,,WATER RESOURCES,274.76,2019-12-01,-37.0,Ongoing,278.02,1.011864900276605,,-61.0,24,332.56,1.2103654098122,30.0,2022-06-01,100.0,0.0,1.089999999999975,0.5449999999999875,1,2,0.0,0.0,0.0,0.0,0.0,0.0,0.0,0.0,0.0,0.0,0.0,0,1,1,1,0,0,1,1,1,1,0.0,1.0,0.0,1,1,1,not_censored,not_censored,not_censored,61.0,0.17907193,0.92062724,0.3065268
N30000046,2025-02-01,OCMS,OCMS_2023_2025,test,test,ENHANCED,,,WATER RESOURCES,274.76,2019-12-01,-37.0,Completed,278.33,1.0129931576648712,,-62.0,25,,,62.0,,,0.3100000000000023,1.3999999999999773,0.1550000000000011,1,2,,,,32.0,32.0,16.0,,,,,0.0,0,1,1,1,0,0,0,0,1,0,,,,0,0,0,not_in_tier_a_population,not_in_tier_a_population,not_in_tier_a_population,62.0,0.11131188,0.85723186,0.17173555
